text,label
"Team update You are selected for a special bonus offer, while the offer lasts — confirm your eligibility #120",spam
"Quick update Exclusive offer receive your bonus gift today, right now — claim it now #72",spam
"Notice Urgent you have been chosen for a cash reward, before the deadline — activate the reward #436",spam
"Action required Exclusive offer receive your bonus gift today, while the offer lasts — claim it now #146",spam
"Team update Please review the updated project document before submission, tomorrow — for the final submission #78",normal
"Please note You are selected for a special bonus offer, before the deadline — verify your entry #291",spam
"Quick update Get free vouchers when you complete this offer, for a limited period — complete the form #448",spam
"Please note Please bring your notebook to the laboratory session, after class — for the team discussion #232",normal
"Please note Congratulations you have won a free cash prize today, for a limited period — collect your prize #269",spam
"Important notice Claim your exclusive reward before it expires, during this promotion — complete the form #88",spam
"Hello Your assignment feedback is available on the portal, this week — for the project #356",normal
"Quick update Claim your exclusive reward before it expires, during this promotion — verify your entry #480",spam
"Please note Please bring your notebook to the laboratory session, this afternoon — for the final submission #347",normal
"Reminder Your account qualifies for a limited time reward, right now — redeem the offer #336",spam
"Important notice Please submit the project report before Friday, before submission — for the laboratory #68",normal
"Please note Your account qualifies for a limited time reward, for a limited period — collect your prize #349",spam
"Action required You are selected for a special bonus offer, within 24 hours — secure your bonus #245",spam
"Important notice You have won a surprise prize click to claim, before midnight — confirm your eligibility #74",spam
"Dear student The exam timetable has been released by the department, tomorrow — for the project #421",normal
"Please note Urgent you have been chosen for a cash reward, this week — confirm your eligibility #371",spam
"Team update You have won a surprise prize click to claim, before the deadline — finish the registration #273",spam
"Good morning Please review the updated project document before submission, during the workshop — for the class activity #220",normal
"Good morning The workshop registration closes at the end of the week, this week — for the department review #324",normal
"Important notice Please submit the project report before Friday, before the meeting — for the project #291",normal
"Quick update The team meeting will begin at ten in the morning, today — for the upcoming exam #221",normal
"Dear student Exclusive offer receive your bonus gift today, while the offer lasts — complete the form #97",spam
"Quick update Your presentation slides need to be submitted today, during the next session — for the final submission #26",normal
"Hello The department meeting is scheduled for tomorrow morning, during the next session — for the department review #12",normal
"Reminder Your assignment feedback is available on the portal, this afternoon — for the laboratory #425",normal
"Please note Please submit the project report before Friday, this week — for the final submission #135",normal
"Action required Urgent you have been chosen for a cash reward, before the deadline — verify your entry #209",spam
"Team update Can we discuss the project requirements after class, before submission — for the upcoming exam #272",normal
"Dear student Please review the updated project document before submission, before submission — for the department review #254",normal
"Dear student The team meeting will begin at ten in the morning, before submission — for the department review #186",normal
"Hello Get free vouchers when you complete this offer, while supplies last — secure your bonus #49",spam
"Important notice Please bring your notebook to the laboratory session, during the workshop — for the laboratory #134",normal
"Dear student The workshop registration closes at the end of the week, before Friday — for the laboratory #164",normal
"Important notice Win a brand new smartphone by entering now, while the offer lasts — verify your entry #16",spam
"Dear student You are selected for a special bonus offer, this week — verify your entry #409",spam
"Quick update Claim your lottery winnings immediately, right now — verify your entry #44",spam
"Please note Please submit the project report before Friday, this week — for the laboratory #82",normal
"Quick update Congratulations you have won a free cash prize today, while the offer lasts — activate the reward #243",spam
"Quick update Win a brand new smartphone by entering now, while the offer lasts — follow the instructions #6",spam
"Notice Exclusive offer receive your bonus gift today, while the offer lasts — follow the instructions #45",spam
"Important notice Congratulations you have won a free cash prize today, during this promotion — verify your entry #33",spam
"Quick update You are selected for a special bonus offer, within 24 hours — collect your prize #460",spam
"Good morning Can we discuss the project requirements after class, this afternoon — for the laboratory #269",normal
"Action required Can we discuss the project requirements after class, after class — for the meeting #113",normal
"Team update Get free vouchers when you complete this offer, within 24 hours — secure your bonus #90",spam
"Action required Win a brand new smartphone by entering now, before the deadline — follow the instructions #307",spam
"Please note Please bring your notebook to the laboratory session, before submission — for the team discussion #51",normal
"Action required Can we discuss the project requirements after class, this week — for the assignment #316",normal
"Reminder Can we discuss the project requirements after class, tomorrow — for the final submission #223",normal
"Notice Please review the updated project document before submission, this week — for the upcoming exam #183",normal
"Quick update You have won a surprise prize click to claim, today — collect your prize #70",spam
"Action required Claim your lottery winnings immediately, within 24 hours — follow the instructions #139",spam
"Reminder The workshop registration closes at the end of the week, this afternoon — for the final submission #93",normal
"Dear student The workshop registration closes at the end of the week, this week — for the meeting #199",normal
"Good morning Your assignment feedback is available on the portal, during the workshop — for the team discussion #125",normal
"Notice Please submit the project report before Friday, this week — for the upcoming exam #224",normal
"Good morning The exam timetable has been released by the department, tomorrow — for the class activity #128",normal
"Quick update Please review the updated project document before submission, during the next session — for the upcoming exam #165",normal
"Hello You have won a surprise prize click to claim, within 24 hours — finish the registration #168",spam
"Dear student The department meeting is scheduled for tomorrow morning, this afternoon — for the meeting #192",normal
"Action required Claim your lottery winnings immediately, today — activate the reward #187",spam
"Action required The workshop registration closes at the end of the week, tomorrow — for the class activity #74",normal
"Quick update The team meeting will begin at ten in the morning, this week — for the laboratory #112",normal
"Notice The exam timetable has been released by the department, before submission — for the assignment #250",normal
"Dear student Claim your exclusive reward before it expires, within 24 hours — activate the reward #167",spam
"Please note Please review the updated project document before submission, before submission — for the upcoming exam #35",normal
"Hello Get free vouchers when you complete this offer, right now — verify your entry #319",spam
"Important notice Get free vouchers when you complete this offer, within 24 hours — confirm your eligibility #34",spam
"Important notice You have won a surprise prize click to claim, before the deadline — confirm your eligibility #130",spam
"Action required Claim your exclusive reward before it expires, today — verify your entry #450",spam
"Team update The workshop registration closes at the end of the week, this week — for the presentation #123",normal
"Action required The team meeting will begin at ten in the morning, tomorrow — for the final submission #281",normal
"Team update Get free vouchers when you complete this offer, before the deadline — collect your prize #158",spam
"Dear student Please submit the project report before Friday, today — for the meeting #333",normal
"Important notice Urgent you have been chosen for a cash reward, before the deadline — redeem the offer #326",spam
"Hello Can we discuss the project requirements after class, this week — for the team discussion #118",normal
"Reminder The workshop registration closes at the end of the week, this afternoon — for the upcoming exam #415",normal
"Important notice Get free vouchers when you complete this offer, during this promotion — secure your bonus #442",spam
"Please note The workshop registration closes at the end of the week, during the next session — for the team discussion #3",normal
"Quick update Urgent you have been chosen for a cash reward, today — secure your bonus #236",spam
"Notice Your assignment feedback is available on the portal, after class — for the final submission #423",normal
"Please note Please review the updated project document before submission, today — for the final submission #39",normal
"Quick update Your account qualifies for a limited time reward, this week — redeem the offer #295",spam
"Important notice Your account qualifies for a limited time reward, right now — verify your entry #87",spam
"Hello Please submit the project report before Friday, during the workshop — for the presentation #161",normal
"Please note Your assignment feedback is available on the portal, before submission — for the project #374",normal
"Dear student Exclusive offer receive your bonus gift today, during this promotion — activate the reward #36",spam
"Hello Your assignment feedback is available on the portal, this week — for the presentation #296",normal
"Important notice Your account qualifies for a limited time reward, today — follow the instructions #435",spam
"Hello Urgent you have been chosen for a cash reward, while the offer lasts — secure your bonus #426",spam
"Reminder Win a brand new smartphone by entering now, while supplies last — redeem the offer #392",spam
"Action required Your account qualifies for a limited time reward, while supplies last — confirm your eligibility #462",spam
"Quick update Exclusive offer receive your bonus gift today, during this promotion — claim it now #443",spam
"Team update Can we discuss the project requirements after class, during the next session — for the class activity #52",normal
"Notice Congratulations you have won a free cash prize today, for a limited period — complete the form #287",spam
"Reminder Your account qualifies for a limited time reward, within 24 hours — finish the registration #183",spam
"Important notice Get free vouchers when you complete this offer, before the deadline — activate the reward #292",spam
"Please note Congratulations you have won a free cash prize today, before the deadline — activate the reward #203",spam
"Notice You have won a surprise prize click to claim, before midnight — secure your bonus #208",spam
"Hello Win a brand new smartphone by entering now, before midnight — claim it now #451",spam
"Notice Your presentation slides need to be submitted today, today — for the upcoming exam #258",normal
"Quick update Please review the updated project document before submission, before the meeting — for the meeting #444",normal
"Team update Congratulations you have won a free cash prize today, within 24 hours — verify your entry #216",spam
"Hello The exam timetable has been released by the department, before the meeting — for the presentation #270",normal
"Hello Your account qualifies for a limited time reward, this week — follow the instructions #226",spam
"Good morning The team meeting will begin at ten in the morning, before the meeting — for the project #387",normal
"Important notice You are selected for a special bonus offer, within 24 hours — secure your bonus #126",spam
"Important notice Congratulations you have won a free cash prize today, today — confirm your eligibility #58",spam
"Hello Claim your exclusive reward before it expires, during this promotion — claim it now #63",spam
"Notice The team meeting will begin at ten in the morning, this afternoon — for the upcoming exam #248",normal
"Quick update Claim your lottery winnings immediately, within 24 hours — claim it now #361",spam
"Dear student The exam timetable has been released by the department, tomorrow — for the upcoming exam #257",normal
"Team update You are selected for a special bonus offer, for a limited period — activate the reward #9",spam
"Reminder The exam timetable has been released by the department, before the meeting — for the class activity #490",normal
"Important notice The exam timetable has been released by the department, this week — for the class activity #25",normal
"Important notice Urgent you have been chosen for a cash reward, before the deadline — finish the registration #305",spam
"Action required Claim your lottery winnings immediately, for a limited period — complete the form #202",spam
"Team update Claim your exclusive reward before it expires, for a limited period — verify your entry #84",spam
"Good morning Claim your lottery winnings immediately, while the offer lasts — complete the form #257",spam
"Please note Get free vouchers when you complete this offer, while supplies last — confirm your eligibility #296",spam
"Good morning The department meeting is scheduled for tomorrow morning, tomorrow — for the team discussion #301",normal
"Quick update Claim your lottery winnings immediately, before midnight — finish the registration #323",spam
"Hello The workshop registration closes at the end of the week, before the meeting — for the laboratory #215",normal
"Dear student Get free vouchers when you complete this offer, before midnight — activate the reward #379",spam
"Hello Claim your exclusive reward before it expires, before midnight — activate the reward #51",spam
"Quick update Win a brand new smartphone by entering now, during this promotion — verify your entry #26",spam
"Important notice Please review the updated project document before submission, tomorrow — for the assignment #27",normal
"Team update Get free vouchers when you complete this offer, within 24 hours — activate the reward #18",spam
"Action required Please submit the project report before Friday, before submission — for the project #117",normal
"Reminder Exclusive offer receive your bonus gift today, while supplies last — redeem the offer #238",spam
"Reminder The workshop registration closes at the end of the week, during the next session — for the team discussion #151",normal
"Team update The department meeting is scheduled for tomorrow morning, during the workshop — for the laboratory #359",normal
"Reminder The team meeting will begin at ten in the morning, after class — for the class activity #28",normal
"Team update The exam timetable has been released by the department, this afternoon — for the project #114",normal
"Action required Congratulations you have won a free cash prize today, for a limited period — secure your bonus #421",spam
"Team update Exclusive offer receive your bonus gift today, right now — verify your entry #219",spam
"Hello Please review the updated project document before submission, after class — for the final submission #406",normal
"Action required Can we discuss the project requirements after class, before Friday — for the department review #483",normal
"Important notice You have won a surprise prize click to claim, this week — redeem the offer #42",spam
"Important notice Your account qualifies for a limited time reward, before the deadline — claim it now #160",spam
"Please note Get free vouchers when you complete this offer, before midnight — activate the reward #473",spam
"Notice The department meeting is scheduled for tomorrow morning, during the workshop — for the department review #56",normal
"Important notice You are selected for a special bonus offer, within 24 hours — confirm your eligibility #249",spam
"Action required Get free vouchers when you complete this offer, while the offer lasts — confirm your eligibility #334",spam
"Reminder Claim your lottery winnings immediately, for a limited period — secure your bonus #253",spam
"Team update Claim your exclusive reward before it expires, while the offer lasts — finish the registration #374",spam
"Hello Win a brand new smartphone by entering now, for a limited period — confirm your eligibility #22",spam
"Good morning Urgent you have been chosen for a cash reward, before the deadline — confirm your eligibility #456",spam
"Dear student Win a brand new smartphone by entering now, within 24 hours — secure your bonus #242",spam
"Team update Please bring your notebook to the laboratory session, during the next session — for the meeting #122",normal
"Action required Your assignment feedback is available on the portal, tomorrow — for the team discussion #89",normal
"Please note Claim your exclusive reward before it expires, before the deadline — redeem the offer #387",spam
"Dear student Please bring your notebook to the laboratory session, this week — for the meeting #436",normal
"Notice Get free vouchers when you complete this offer, within 24 hours — claim it now #11",spam
"Please note Claim your exclusive reward before it expires, during this promotion — confirm your eligibility #404",spam
"Please note Please review the updated project document before submission, before Friday — for the final submission #1",normal
"Team update You have won a surprise prize click to claim, while the offer lasts — activate the reward #218",spam
"Reminder Your presentation slides need to be submitted today, during the workshop — for the class activity #334",normal
"Dear student Your assignment feedback is available on the portal, during the workshop — for the team discussion #153",normal
"Reminder Claim your exclusive reward before it expires, while the offer lasts — collect your prize #335",spam
"Good morning The department meeting is scheduled for tomorrow morning, this afternoon — for the meeting #80",normal
"Team update The exam timetable has been released by the department, during the next session — for the presentation #53",normal
"Please note Please submit the project report before Friday, tomorrow — for the meeting #279",normal
"Hello You have won a surprise prize click to claim, while supplies last — activate the reward #76",spam
"Quick update Your account qualifies for a limited time reward, before the deadline — follow the instructions #140",spam
"Good morning Win a brand new smartphone by entering now, while supplies last — claim it now #362",spam
"Quick update Can we discuss the project requirements after class, today — for the department review #395",normal
"Good morning Get free vouchers when you complete this offer, while the offer lasts — redeem the offer #57",spam
"Good morning The workshop registration closes at the end of the week, after class — for the meeting #49",normal
"Notice Please submit the project report before Friday, before Friday — for the team discussion #241",normal
"Action required Your presentation slides need to be submitted today, this afternoon — for the team discussion #144",normal
"Dear student Please submit the project report before Friday, during the next session — for the department review #475",normal
"Team update You are selected for a special bonus offer, right now — secure your bonus #289",spam
"Hello Urgent you have been chosen for a cash reward, right now — collect your prize #102",spam
"Good morning The workshop registration closes at the end of the week, after class — for the team discussion #362",normal
"Please note The workshop registration closes at the end of the week, today — for the class activity #162",normal
"Notice Please review the updated project document before submission, this afternoon — for the assignment #471",normal
"Dear student The workshop registration closes at the end of the week, this afternoon — for the presentation #485",normal
"Good morning Claim your exclusive reward before it expires, right now — redeem the offer #156",spam
"Please note Get free vouchers when you complete this offer, before midnight — collect your prize #78",spam
"Please note Please submit the project report before Friday, during the next session — for the meeting #377",normal
"Please note The department meeting is scheduled for tomorrow morning, during the workshop — for the upcoming exam #267",normal
"Dear student The workshop registration closes at the end of the week, after class — for the class activity #238",normal
"Team update Get free vouchers when you complete this offer, today — collect your prize #428",spam
"Hello The department meeting is scheduled for tomorrow morning, after class — for the assignment #236",normal
"Notice Your account qualifies for a limited time reward, right now — collect your prize #401",spam
"Dear student Exclusive offer receive your bonus gift today, within 24 hours — redeem the offer #240",spam
"Dear student Please submit the project report before Friday, before submission — for the laboratory #496",normal
"Quick update Urgent you have been chosen for a cash reward, during this promotion — finish the registration #150",spam
"Reminder Exclusive offer receive your bonus gift today, for a limited period — redeem the offer #191",spam
"Quick update Claim your lottery winnings immediately, while supplies last — confirm your eligibility #331",spam
"Good morning Exclusive offer receive your bonus gift today, before the deadline — collect your prize #254",spam
"Good morning Get free vouchers when you complete this offer, within 24 hours — confirm your eligibility #159",spam
"Quick update Your presentation slides need to be submitted today, during the next session — for the meeting #408",normal
"Quick update Claim your exclusive reward before it expires, before the deadline — claim it now #260",spam
"Dear student Win a brand new smartphone by entering now, this week — secure your bonus #2",spam
"Quick update Please bring your notebook to the laboratory session, during the next session — for the presentation #55",normal
"Good morning Claim your exclusive reward before it expires, while the offer lasts — finish the registration #31",spam
"Good morning Please submit the project report before Friday, during the workshop — for the presentation #323",normal
"Important notice Claim your exclusive reward before it expires, for a limited period — verify your entry #461",spam
"Team update Congratulations you have won a free cash prize today, within 24 hours — follow the instructions #363",spam
"Please note Can we discuss the project requirements after class, after class — for the presentation #67",normal
"Quick update Can we discuss the project requirements after class, after class — for the project #357",normal
"Quick update Congratulations you have won a free cash prize today, while supplies last — follow the instructions #438",spam
"Please note Your account qualifies for a limited time reward, while supplies last — finish the registration #251",spam
"Please note You have won a surprise prize click to claim, today — complete the form #348",spam
"Hello Can we discuss the project requirements after class, before submission — for the team discussion #41",normal
"Please note You are selected for a special bonus offer, before midnight — complete the form #380",spam
"Notice Please bring your notebook to the laboratory session, after class — for the laboratory #14",normal
"Reminder Your presentation slides need to be submitted today, this week — for the meeting #344",normal
"Dear student The exam timetable has been released by the department, this week — for the department review #218",normal
"Action required Please submit the project report before Friday, during the next session — for the upcoming exam #478",normal
"Please note Urgent you have been chosen for a cash reward, during this promotion — secure your bonus #223",spam
"Team update Please review the updated project document before submission, tomorrow — for the team discussion #433",normal
"Dear student Your assignment feedback is available on the portal, this week — for the upcoming exam #106",normal
"Dear student The department meeting is scheduled for tomorrow morning, today — for the class activity #65",normal
"Team update Exclusive offer receive your bonus gift today, within 24 hours — confirm your eligibility #46",spam
"Reminder Your assignment feedback is available on the portal, today — for the laboratory #176",normal
"Action required Urgent you have been chosen for a cash reward, within 24 hours — confirm your eligibility #233",spam
"Hello The department meeting is scheduled for tomorrow morning, during the workshop — for the class activity #94",normal
"Notice Please review the updated project document before submission, this week — for the presentation #148",normal
"Action required You are selected for a special bonus offer, during this promotion — verify your entry #85",spam
"Important notice The department meeting is scheduled for tomorrow morning, after class — for the upcoming exam #303",normal
"Quick update Your account qualifies for a limited time reward, within 24 hours — confirm your eligibility #118",spam
"Reminder Your presentation slides need to be submitted today, this afternoon — for the class activity #286",normal
"Hello Claim your lottery winnings immediately, this week — collect your prize #40",spam
"Hello Your assignment feedback is available on the portal, after class — for the presentation #77",normal
"Reminder Congratulations you have won a free cash prize today, this week — collect your prize #399",spam
"Reminder The team meeting will begin at ten in the morning, tomorrow — for the presentation #57",normal
"Good morning You have won a surprise prize click to claim, within 24 hours — finish the registration #210",spam
"Reminder Can we discuss the project requirements after class, this week — for the class activity #376",normal
"Hello Claim your exclusive reward before it expires, within 24 hours — redeem the offer #286",spam
"Action required Can we discuss the project requirements after class, before submission — for the assignment #317",normal
"Quick update Exclusive offer receive your bonus gift today, for a limited period — confirm your eligibility #190",spam
"Good morning Congratulations you have won a free cash prize today, for a limited period — finish the registration #225",spam
"Notice Claim your lottery winnings immediately, while supplies last — confirm your eligibility #180",spam
"Important notice Please submit the project report before Friday, today — for the project #155",normal
"Action required Your assignment feedback is available on the portal, before submission — for the team discussion #265",normal
"Important notice Please submit the project report before Friday, during the next session — for the department review #393",normal
"Quick update The team meeting will begin at ten in the morning, today — for the project #498",normal
"Hello Can we discuss the project requirements after class, before Friday — for the project #488",normal
"Dear student Please bring your notebook to the laboratory session, before Friday — for the final submission #29",normal
"Please note Win a brand new smartphone by entering now, for a limited period — claim it now #454",spam
"Quick update Claim your lottery winnings immediately, while the offer lasts — confirm your eligibility #487",spam
"Please note The workshop registration closes at the end of the week, during the next session — for the presentation #442",normal
"Reminder Claim your exclusive reward before it expires, before midnight — activate the reward #446",spam
"Hello Claim your exclusive reward before it expires, today — follow the instructions #162",spam
"Important notice The workshop registration closes at the end of the week, tomorrow — for the department review #278",normal
"Good morning Your assignment feedback is available on the portal, before the meeting — for the team discussion #66",normal
"Action required Your presentation slides need to be submitted today, tomorrow — for the upcoming exam #152",normal
"Quick update Exclusive offer receive your bonus gift today, while the offer lasts — complete the form #419",spam
"Important notice Congratulations you have won a free cash prize today, before midnight — follow the instructions #4",spam
"Quick update You have won a surprise prize click to claim, today — secure your bonus #86",spam
"Team update Can we discuss the project requirements after class, before Friday — for the presentation #497",normal
"Quick update Claim your exclusive reward before it expires, right now — complete the form #43",spam
"Quick update Your account qualifies for a limited time reward, right now — activate the reward #276",spam
"Team update Get free vouchers when you complete this offer, before midnight — activate the reward #99",spam
"Team update Please bring your notebook to the laboratory session, before the meeting — for the presentation #372",normal
"Reminder Your assignment feedback is available on the portal, this afternoon — for the laboratory #251",normal
"Quick update Get free vouchers when you complete this offer, within 24 hours — claim it now #250",spam
"Quick update You have won a surprise prize click to claim, before midnight — complete the form #343",spam
"Notice Please bring your notebook to the laboratory session, before Friday — for the meeting #401",normal
"Action required Can we discuss the project requirements after class, after class — for the team discussion #54",normal
"Please note Your account qualifies for a limited time reward, within 24 hours — follow the instructions #192",spam
"Dear student Your presentation slides need to be submitted today, today — for the final submission #390",normal
"Reminder You are selected for a special bonus offer, for a limited period — verify your entry #397",spam
"Good morning Claim your exclusive reward before it expires, while the offer lasts — collect your prize #145",spam
"Good morning Your presentation slides need to be submitted today, during the workshop — for the team discussion #392",normal
"Hello Your account qualifies for a limited time reward, during this promotion — complete the form #198",spam
"Action required Get free vouchers when you complete this offer, before midnight — follow the instructions #408",spam
"Dear student Urgent you have been chosen for a cash reward, this week — secure your bonus #441",spam
"Hello Your account qualifies for a limited time reward, this week — confirm your eligibility #465",spam
"Important notice You are selected for a special bonus offer, today — complete the form #317",spam
"Team update Claim your lottery winnings immediately, during this promotion — redeem the offer #125",spam
"Hello Please submit the project report before Friday, during the next session — for the team discussion #19",normal
"Notice The exam timetable has been released by the department, during the next session — for the final submission #353",normal
"Please note You have won a surprise prize click to claim, for a limited period — follow the instructions #178",spam
"Team update Can we discuss the project requirements after class, this week — for the class activity #441",normal
"Dear student The department meeting is scheduled for tomorrow morning, before the meeting — for the team discussion #292",normal
"Important notice Win a brand new smartphone by entering now, before the deadline — activate the reward #244",spam
"Important notice Congratulations you have won a free cash prize today, during this promotion — complete the form #492",spam
"Action required Please bring your notebook to the laboratory session, before submission — for the team discussion #492",normal
"Dear student Please bring your notebook to the laboratory session, before the meeting — for the presentation #76",normal
"Quick update Your presentation slides need to be submitted today, after class — for the project #339",normal
"Team update Your presentation slides need to be submitted today, during the workshop — for the laboratory #355",normal
"Dear student Your presentation slides need to be submitted today, during the next session — for the laboratory #217",normal
"Good morning Please submit the project report before Friday, today — for the final submission #23",normal
"Please note The team meeting will begin at ten in the morning, tomorrow — for the project #398",normal
"Hello Your assignment feedback is available on the portal, before Friday — for the class activity #157",normal
"Action required The team meeting will begin at ten in the morning, this week — for the department review #107",normal
"Dear student The team meeting will begin at ten in the morning, this week — for the upcoming exam #189",normal
"Quick update Can we discuss the project requirements after class, after class — for the presentation #141",normal
"Good morning Your assignment feedback is available on the portal, before Friday — for the presentation #132",normal
"Hello Please bring your notebook to the laboratory session, this afternoon — for the department review #181",normal
"Important notice Claim your exclusive reward before it expires, during this promotion — follow the instructions #82",spam
"Hello The exam timetable has been released by the department, before Friday — for the final submission #102",normal
"Action required You are selected for a special bonus offer, today — verify your entry #35",spam
"Good morning Please bring your notebook to the laboratory session, this afternoon — for the class activity #371",normal
"Important notice Congratulations you have won a free cash prize today, this week — complete the form #95",spam
"Quick update You have won a surprise prize click to claim, this week — confirm your eligibility #113",spam
"Action required The exam timetable has been released by the department, after class — for the presentation #191",normal
"Quick update Please bring your notebook to the laboratory session, tomorrow — for the team discussion #320",normal
"Reminder You are selected for a special bonus offer, right now — secure your bonus #38",spam
"Dear student You are selected for a special bonus offer, while the offer lasts — secure your bonus #491",spam
"Action required Your assignment feedback is available on the portal, before submission — for the class activity #493",normal
"Important notice Get free vouchers when you complete this offer, while the offer lasts — claim it now #294",spam
"Dear student Claim your lottery winnings immediately, before the deadline — secure your bonus #252",spam
"Team update Your assignment feedback is available on the portal, during the workshop — for the project #349",normal
"Important notice The exam timetable has been released by the department, today — for the project #429",normal
"Reminder Please review the updated project document before submission, during the workshop — for the presentation #275",normal
"Team update Claim your lottery winnings immediately, for a limited period — finish the registration #417",spam
"Please note Win a brand new smartphone by entering now, while the offer lasts — complete the form #79",spam
"Notice The exam timetable has been released by the department, this afternoon — for the team discussion #338",normal
"Action required Your account qualifies for a limited time reward, for a limited period — activate the reward #80",spam
"Hello Claim your lottery winnings immediately, before midnight — verify your entry #239",spam
"Action required Your assignment feedback is available on the portal, after class — for the laboratory #81",normal
"Dear student The team meeting will begin at ten in the morning, this afternoon — for the class activity #180",normal
"Team update You have won a surprise prize click to claim, while the offer lasts — redeem the offer #131",spam
"Please note Your presentation slides need to be submitted today, before submission — for the final submission #40",normal
"Hello Your assignment feedback is available on the portal, this week — for the team discussion #70",normal
"Please note The exam timetable has been released by the department, before submission — for the presentation #277",normal
"Reminder Please submit the project report before Friday, this week — for the class activity #126",normal
"Quick update Please review the updated project document before submission, this week — for the assignment #469",normal
"Important notice Exclusive offer receive your bonus gift today, right now — complete the form #143",spam
"Important notice You are selected for a special bonus offer, today — complete the form #220",spam
"Team update Please review the updated project document before submission, tomorrow — for the upcoming exam #412",normal
"Dear student Exclusive offer receive your bonus gift today, before midnight — follow the instructions #194",spam
"Important notice Win a brand new smartphone by entering now, before the deadline — secure your bonus #62",spam
"Reminder Urgent you have been chosen for a cash reward, before the deadline — secure your bonus #264",spam
"Please note Please submit the project report before Friday, this afternoon — for the upcoming exam #58",normal
"Notice Can we discuss the project requirements after class, before Friday — for the department review #140",normal
"Dear student Can we discuss the project requirements after class, during the next session — for the presentation #389",normal
"Quick update Your presentation slides need to be submitted today, after class — for the project #484",normal
"Good morning Please submit the project report before Friday, after class — for the laboratory #477",normal
"Action required Exclusive offer receive your bonus gift today, within 24 hours — claim it now #453",spam
"Reminder Your assignment feedback is available on the portal, during the workshop — for the team discussion #96",normal
"Team update You are selected for a special bonus offer, right now — complete the form #101",spam
"Reminder You have won a surprise prize click to claim, right now — claim it now #447",spam
"Good morning Win a brand new smartphone by entering now, while supplies last — collect your prize #280",spam
"Notice You have won a surprise prize click to claim, for a limited period — finish the registration #499",spam
"Notice Your account qualifies for a limited time reward, for a limited period — redeem the offer #189",spam
"Good morning You have won a surprise prize click to claim, while supplies last — confirm your eligibility #370",spam
"Important notice Can we discuss the project requirements after class, after class — for the final submission #182",normal
"Dear student The workshop registration closes at the end of the week, before Friday — for the project #110",normal
"Notice You have won a surprise prize click to claim, today — verify your entry #227",spam
"Reminder Congratulations you have won a free cash prize today, before midnight — finish the registration #318",spam
"Reminder Your assignment feedback is available on the portal, today — for the project #413",normal
"Important notice Can we discuss the project requirements after class, this afternoon — for the final submission #116",normal
"Quick update Can we discuss the project requirements after class, before Friday — for the project #119",normal
"Reminder Claim your exclusive reward before it expires, this week — secure your bonus #394",spam
"Notice Congratulations you have won a free cash prize today, before the deadline — verify your entry #283",spam
"Please note You are selected for a special bonus offer, while the offer lasts — claim it now #439",spam
"Hello The exam timetable has been released by the department, this week — for the upcoming exam #206",normal
"Quick update Urgent you have been chosen for a cash reward, for a limited period — claim it now #406",spam
"Dear student You have won a surprise prize click to claim, before the deadline — collect your prize #470",spam
"Dear student The department meeting is scheduled for tomorrow morning, before the meeting — for the team discussion #370",normal
"Notice You have won a surprise prize click to claim, right now — complete the form #498",spam
"Dear student The exam timetable has been released by the department, after class — for the meeting #335",normal
"Please note Your assignment feedback is available on the portal, today — for the project #71",normal
"Notice Congratulations you have won a free cash prize today, while the offer lasts — redeem the offer #148",spam
"Action required Your account qualifies for a limited time reward, while the offer lasts — redeem the offer #357",spam
"Dear student Your assignment feedback is available on the portal, this week — for the department review #240",normal
"Please note Your presentation slides need to be submitted today, before the meeting — for the laboratory #59",normal
"Hello Please bring your notebook to the laboratory session, this week — for the presentation #358",normal
"Reminder Congratulations you have won a free cash prize today, right now — finish the registration #372",spam
"Important notice Claim your exclusive reward before it expires, during this promotion — follow the instructions #332",spam
"Hello Urgent you have been chosen for a cash reward, during this promotion — secure your bonus #115",spam
"Good morning You have won a surprise prize click to claim, right now — complete the form #412",spam
"Dear student Get free vouchers when you complete this offer, during this promotion — activate the reward #405",spam
"Dear student You are selected for a special bonus offer, during this promotion — verify your entry #316",spam
"Please note Win a brand new smartphone by entering now, before the deadline — follow the instructions #53",spam
"Good morning The team meeting will begin at ten in the morning, tomorrow — for the upcoming exam #388",normal
"Quick update Your account qualifies for a limited time reward, today — secure your bonus #184",spam
"Reminder Claim your lottery winnings immediately, right now — collect your prize #17",spam
"Good morning The department meeting is scheduled for tomorrow morning, this week — for the department review #169",normal
"Notice Your assignment feedback is available on the portal, before submission — for the department review #476",normal
"Action required Urgent you have been chosen for a cash reward, today — confirm your eligibility #152",spam
"Please note Get free vouchers when you complete this offer, for a limited period — finish the registration #354",spam
"Quick update Claim your lottery winnings immediately, within 24 hours — secure your bonus #32",spam
"Reminder Please review the updated project document before submission, this week — for the class activity #90",normal
"Hello Congratulations you have won a free cash prize today, before midnight — redeem the offer #129",spam
"Good morning Please bring your notebook to the laboratory session, before submission — for the meeting #208",normal
"Notice Claim your exclusive reward before it expires, right now — collect your prize #402",spam
"Please note The team meeting will begin at ten in the morning, during the workshop — for the assignment #337",normal
"Good morning Please review the updated project document before submission, this week — for the project #242",normal
"Action required Get free vouchers when you complete this offer, while supplies last — secure your bonus #137",spam
"Quick update You are selected for a special bonus offer, while supplies last — secure your bonus #433",spam
"Important notice Claim your lottery winnings immediately, today — activate the reward #29",spam
"Important notice Your assignment feedback is available on the portal, this afternoon — for the upcoming exam #455",normal
"Team update Get free vouchers when you complete this offer, right now — secure your bonus #28",spam
"Notice Claim your exclusive reward before it expires, before midnight — finish the registration #75",spam
"Action required Your assignment feedback is available on the portal, during the workshop — for the team discussion #15",normal
"Hello Your assignment feedback is available on the portal, this afternoon — for the upcoming exam #440",normal
"Hello Please review the updated project document before submission, this week — for the meeting #365",normal
"Action required Can we discuss the project requirements after class, this afternoon — for the meeting #205",normal
"Notice Claim your lottery winnings immediately, within 24 hours — claim it now #7",spam
"Quick update Your assignment feedback is available on the portal, this week — for the department review #253",normal
"Team update The department meeting is scheduled for tomorrow morning, during the workshop — for the project #342",normal
"Team update You are selected for a special bonus offer, before the deadline — verify your entry #274",spam
"Reminder Please submit the project report before Friday, today — for the department review #445",normal
"Hello The workshop registration closes at the end of the week, before the meeting — for the class activity #268",normal
"Dear student Claim your exclusive reward before it expires, today — confirm your eligibility #214",spam
"Quick update Win a brand new smartphone by entering now, before midnight — verify your entry #416",spam
"Please note You have won a surprise prize click to claim, for a limited period — activate the reward #342",spam
"Team update You are selected for a special bonus offer, while the offer lasts — secure your bonus #293",spam
"Hello Please submit the project report before Friday, tomorrow — for the upcoming exam #31",normal
"Good morning Your account qualifies for a limited time reward, before the deadline — redeem the offer #246",spam
"Please note Claim your exclusive reward before it expires, for a limited period — confirm your eligibility #288",spam
"Hello Get free vouchers when you complete this offer, before the deadline — collect your prize #181",spam
"Important notice The team meeting will begin at ten in the morning, today — for the assignment #225",normal
"Quick update The department meeting is scheduled for tomorrow morning, this afternoon — for the upcoming exam #437",normal
"Reminder The exam timetable has been released by the department, this afternoon — for the class activity #351",normal
"Dear student Get free vouchers when you complete this offer, while supplies last — finish the registration #166",spam
"Important notice Claim your exclusive reward before it expires, for a limited period — finish the registration #327",spam
"Notice You are selected for a special bonus offer, today — activate the reward #356",spam
"Please note Urgent you have been chosen for a cash reward, before the deadline — verify your entry #278",spam
"Hello Claim your lottery winnings immediately, right now — secure your bonus #258",spam
"Quick update The exam timetable has been released by the department, before submission — for the project #175",normal
"Good morning The workshop registration closes at the end of the week, before submission — for the laboratory #456",normal
"Team update The department meeting is scheduled for tomorrow morning, before submission — for the team discussion #97",normal
"Quick update Urgent you have been chosen for a cash reward, before the deadline — complete the form #68",spam
"Notice Please bring your notebook to the laboratory session, tomorrow — for the upcoming exam #7",normal
"Action required Exclusive offer receive your bonus gift today, before the deadline — confirm your eligibility #177",spam
"Please note Your presentation slides need to be submitted today, this afternoon — for the class activity #450",normal
"Reminder Congratulations you have won a free cash prize today, within 24 hours — confirm your eligibility #149",spam
"Dear student You are selected for a special bonus offer, while the offer lasts — secure your bonus #366",spam
"Notice Please bring your notebook to the laboratory session, today — for the assignment #285",normal
"Please note The team meeting will begin at ten in the morning, this week — for the presentation #202",normal
"Reminder Your presentation slides need to be submitted today, today — for the final submission #158",normal
"Reminder Urgent you have been chosen for a cash reward, for a limited period — confirm your eligibility #112",spam
"Quick update Can we discuss the project requirements after class, during the next session — for the class activity #60",normal
"Team update Please bring your notebook to the laboratory session, tomorrow — for the department review #307",normal
"Quick update Exclusive offer receive your bonus gift today, before midnight — collect your prize #378",spam
"Hello Claim your exclusive reward before it expires, before the deadline — confirm your eligibility #365",spam
"Team update Please bring your notebook to the laboratory session, today — for the assignment #85",normal
"Quick update The department meeting is scheduled for tomorrow morning, before Friday — for the meeting #327",normal
"Important notice Urgent you have been chosen for a cash reward, within 24 hours — finish the registration #360",spam
"Team update Your presentation slides need to be submitted today, before Friday — for the presentation #129",normal
"Please note The department meeting is scheduled for tomorrow morning, before submission — for the team discussion #446",normal
"Good morning The exam timetable has been released by the department, this afternoon — for the upcoming exam #166",normal
"Dear student The team meeting will begin at ten in the morning, tomorrow — for the final submission #470",normal
"Quick update Win a brand new smartphone by entering now, this week — collect your prize #359",spam
"Reminder The team meeting will begin at ten in the morning, this afternoon — for the final submission #213",normal
"Action required The team meeting will begin at ten in the morning, this week — for the meeting #430",normal
"Hello Congratulations you have won a free cash prize today, while supplies last — redeem the offer #71",spam
"Dear student Your account qualifies for a limited time reward, within 24 hours — finish the registration #496",spam
"Hello The workshop registration closes at the end of the week, tomorrow — for the department review #69",normal
"Please note Your presentation slides need to be submitted today, after class — for the presentation #288",normal
"Action required Win a brand new smartphone by entering now, before midnight — verify your entry #151",spam
"Quick update You are selected for a special bonus offer, within 24 hours — finish the registration #176",spam
"Good morning The exam timetable has been released by the department, before submission — for the assignment #482",normal
"Quick update The workshop registration closes at the end of the week, this afternoon — for the final submission #266",normal
"Team update Your account qualifies for a limited time reward, before midnight — complete the form #128",spam
"Action required Can we discuss the project requirements after class, after class — for the final submission #354",normal
"Action required Your account qualifies for a limited time reward, before midnight — activate the reward #477",spam
"Quick update Your presentation slides need to be submitted today, after class — for the class activity #50",normal
"Please note Your assignment feedback is available on the portal, this afternoon — for the presentation #326",normal
"Team update Your account qualifies for a limited time reward, for a limited period — complete the form #197",spam
"Quick update Your assignment feedback is available on the portal, before submission — for the department review #42",normal
"Important notice Exclusive offer receive your bonus gift today, during this promotion — complete the form #497",spam
"Reminder Can we discuss the project requirements after class, during the workshop — for the department review #185",normal
"Quick update The department meeting is scheduled for tomorrow morning, tomorrow — for the upcoming exam #108",normal
"Notice Win a brand new smartphone by entering now, today — claim it now #311",spam
"Team update The department meeting is scheduled for tomorrow morning, before Friday — for the presentation #402",normal
"Team update Please bring your notebook to the laboratory session, after class — for the upcoming exam #145",normal
"Hello Your account qualifies for a limited time reward, today — secure your bonus #199",spam
"Dear student Exclusive offer receive your bonus gift today, while supplies last — finish the registration #54",spam
"Hello The team meeting will begin at ten in the morning, during the workshop — for the final submission #460",normal
"Action required Claim your lottery winnings immediately, within 24 hours — confirm your eligibility #418",spam
"Quick update Urgent you have been chosen for a cash reward, this week — confirm your eligibility #375",spam
"Please note Your account qualifies for a limited time reward, while supplies last — follow the instructions #89",spam
"Important notice Get free vouchers when you complete this offer, before midnight — redeem the offer #297",spam
"Please note Your presentation slides need to be submitted today, today — for the department review #101",normal
"Team update The workshop registration closes at the end of the week, before Friday — for the project #63",normal
"Good morning Please review the updated project document before submission, tomorrow — for the final submission #273",normal
"Quick update You are selected for a special bonus offer, for a limited period — confirm your eligibility #472",spam
"Quick update Claim your exclusive reward before it expires, while the offer lasts — verify your entry #400",spam
"Reminder The exam timetable has been released by the department, this week — for the upcoming exam #22",normal
"Dear student Congratulations you have won a free cash prize today, before the deadline — secure your bonus #474",spam
"Team update Urgent you have been chosen for a cash reward, while supplies last — secure your bonus #248",spam
"Good morning Your account qualifies for a limited time reward, this week — complete the form #300",spam
"Please note Congratulations you have won a free cash prize today, before the deadline — complete the form #430",spam
"Important notice Claim your lottery winnings immediately, before the deadline — verify your entry #222",spam
"Important notice Claim your lottery winnings immediately, for a limited period — collect your prize #479",spam
"Please note Can we discuss the project requirements after class, before submission — for the project #454",normal
"Dear student Claim your lottery winnings immediately, within 24 hours — complete the form #25",spam
"Important notice You are selected for a special bonus offer, during this promotion — activate the reward #377",spam
"Important notice You are selected for a special bonus offer, while supplies last — confirm your eligibility #272",spam
"Please note Your assignment feedback is available on the portal, before the meeting — for the upcoming exam #481",normal
"Good morning Win a brand new smartphone by entering now, today — collect your prize #256",spam
"Important notice Please review the updated project document before submission, during the workshop — for the team discussion #92",normal
"Please note Win a brand new smartphone by entering now, before midnight — claim it now #69",spam
"Notice The workshop registration closes at the end of the week, this afternoon — for the assignment #222",normal
"Please note Please review the updated project document before submission, today — for the presentation #313",normal
"Team update Can we discuss the project requirements after class, this afternoon — for the upcoming exam #428",normal
"Important notice Urgent you have been chosen for a cash reward, for a limited period — complete the form #338",spam
"Please note Get free vouchers when you complete this offer, for a limited period — activate the reward #235",spam
"Reminder Claim your lottery winnings immediately, while the offer lasts — collect your prize #231",spam
"Dear student Get free vouchers when you complete this offer, before the deadline — redeem the offer #457",spam
"Quick update Claim your lottery winnings immediately, during this promotion — finish the registration #396",spam
"Team update Claim your exclusive reward before it expires, right now — confirm your eligibility #64",spam
"Notice Your assignment feedback is available on the portal, this afternoon — for the meeting #369",normal
"Action required Can we discuss the project requirements after class, during the next session — for the assignment #459",normal
"Please note Your presentation slides need to be submitted today, this afternoon — for the department review #216",normal
"Hello Congratulations you have won a free cash prize today, before the deadline — confirm your eligibility #325",spam
"Team update The exam timetable has been released by the department, this afternoon — for the laboratory #368",normal
"Team update Get free vouchers when you complete this offer, before the deadline — confirm your eligibility #24",spam
"Action required Win a brand new smartphone by entering now, for a limited period — claim it now #425",spam
"Notice Your presentation slides need to be submitted today, tomorrow — for the upcoming exam #340",normal
"Notice The department meeting is scheduled for tomorrow morning, this afternoon — for the class activity #363",normal
"Please note Please bring your notebook to the laboratory session, this afternoon — for the upcoming exam #295",normal
"Hello Please submit the project report before Friday, before Friday — for the project #343",normal
"Notice Your account qualifies for a limited time reward, while supplies last — verify your entry #221",spam
"Good morning Your account qualifies for a limited time reward, right now — finish the registration #403",spam
"Reminder You have won a surprise prize click to claim, before the deadline — redeem the offer #124",spam
"Action required The team meeting will begin at ten in the morning, this week — for the team discussion #261",normal
"Notice Congratulations you have won a free cash prize today, within 24 hours — redeem the offer #201",spam
"Good morning You are selected for a special bonus offer, right now — activate the reward #261",spam
"Please note Claim your exclusive reward before it expires, right now — finish the registration #110",spam
"Notice The department meeting is scheduled for tomorrow morning, during the next session — for the laboratory #187",normal
"Action required The team meeting will begin at ten in the morning, this week — for the upcoming exam #431",normal
"Hello The department meeting is scheduled for tomorrow morning, tomorrow — for the team discussion #5",normal
"Quick update The team meeting will begin at ten in the morning, during the workshop — for the team discussion #260",normal
"Team update Your assignment feedback is available on the portal, during the next session — for the assignment #311",normal
"Notice Please review the updated project document before submission, after class — for the department review #196",normal
"Hello Your presentation slides need to be submitted today, today — for the upcoming exam #300",normal
"Team update You have won a surprise prize click to claim, this week — redeem the offer #299",spam
"Team update The workshop registration closes at the end of the week, this afternoon — for the team discussion #379",normal
"Good morning Can we discuss the project requirements after class, during the workshop — for the final submission #46",normal
"Hello The department meeting is scheduled for tomorrow morning, during the next session — for the project #434",normal
"Dear student The department meeting is scheduled for tomorrow morning, this afternoon — for the project #380",normal
"Good morning Your assignment feedback is available on the portal, before Friday — for the class activity #394",normal
"Notice Please bring your notebook to the laboratory session, before Friday — for the project #399",normal
"Reminder Congratulations you have won a free cash prize today, while supplies last — confirm your eligibility #464",spam
"Good morning Please bring your notebook to the laboratory session, tomorrow — for the department review #45",normal
"Quick update Claim your lottery winnings immediately, right now — finish the registration #485",spam
"Hello Your presentation slides need to be submitted today, after class — for the laboratory #489",normal
"Quick update Get free vouchers when you complete this offer, right now — claim it now #466",spam
"Team update Please submit the project report before Friday, before Friday — for the final submission #173",normal
"Please note The workshop registration closes at the end of the week, this afternoon — for the presentation #87",normal
"Reminder Claim your lottery winnings immediately, this week — confirm your eligibility #373",spam
"Dear student Congratulations you have won a free cash prize today, right now — finish the registration #350",spam
"Please note Your assignment feedback is available on the portal, during the next session — for the presentation #200",normal
"Team update Win a brand new smartphone by entering now, within 24 hours — activate the reward #212",spam
"Important notice Please submit the project report before Friday, this week — for the meeting #21",normal
"Team update Get free vouchers when you complete this offer, right now — finish the registration #312",spam
"Quick update Claim your lottery winnings immediately, while the offer lasts — secure your bonus #94",spam
"Hello Claim your exclusive reward before it expires, within 24 hours — follow the instructions #1",spam
"Dear student Please review the updated project document before submission, this week — for the presentation #420",normal
"Dear student Claim your exclusive reward before it expires, within 24 hours — redeem the offer #423",spam
"Notice Please review the updated project document before submission, before Friday — for the presentation #391",normal
"Hello The department meeting is scheduled for tomorrow morning, before submission — for the assignment #321",normal
"Dear student The exam timetable has been released by the department, during the next session — for the assignment #294",normal
"Reminder The department meeting is scheduled for tomorrow morning, during the workshop — for the assignment #195",normal
"Quick update Urgent you have been chosen for a cash reward, today — verify your entry #122",spam
"Please note Your assignment feedback is available on the portal, this afternoon — for the final submission #341",normal
"Quick update Get free vouchers when you complete this offer, within 24 hours — activate the reward #458",spam
"Action required The exam timetable has been released by the department, before Friday — for the meeting #11",normal
"Good morning Can we discuss the project requirements after class, during the next session — for the project #315",normal
"Important notice Urgent you have been chosen for a cash reward, while the offer lasts — finish the registration #459",spam
"Action required The team meeting will begin at ten in the morning, after class — for the meeting #418",normal
"Hello Please review the updated project document before submission, tomorrow — for the laboratory #487",normal
"Action required Congratulations you have won a free cash prize today, while supplies last — finish the registration #81",spam
"Team update The team meeting will begin at ten in the morning, this week — for the laboratory #287",normal
"Notice You are selected for a special bonus offer, right now — redeem the offer #413",spam
"Hello Congratulations you have won a free cash prize today, for a limited period — verify your entry #388",spam
"Good morning The department meeting is scheduled for tomorrow morning, after class — for the team discussion #64",normal
"Dear student The team meeting will begin at ten in the morning, before submission — for the department review #439",normal
"Hello The workshop registration closes at the end of the week, before Friday — for the final submission #403",normal
"Reminder Please bring your notebook to the laboratory session, tomorrow — for the presentation #494",normal
"Notice Win a brand new smartphone by entering now, within 24 hours — complete the form #285",spam
"Reminder The exam timetable has been released by the department, before submission — for the laboratory #209",normal
"Important notice Can we discuss the project requirements after class, today — for the department review #443",normal
"Notice You have won a surprise prize click to claim, during this promotion — collect your prize #329",spam
"Good morning Can we discuss the project requirements after class, during the next session — for the team discussion #4",normal
"Please note The department meeting is scheduled for tomorrow morning, this week — for the team discussion #449",normal
"Team update You have won a surprise prize click to claim, this week — verify your entry #170",spam
"Reminder Please bring your notebook to the laboratory session, this week — for the meeting #8",normal
"Dear student Your account qualifies for a limited time reward, right now — collect your prize #481",spam
"Team update Can we discuss the project requirements after class, before submission — for the upcoming exam #18",normal
"Hello Exclusive offer receive your bonus gift today, for a limited period — follow the instructions #161",spam
"Quick update Claim your lottery winnings immediately, this week — confirm your eligibility #12",spam
"Important notice The team meeting will begin at ten in the morning, before the meeting — for the presentation #350",normal
"Notice Please bring your notebook to the laboratory session, during the workshop — for the upcoming exam #397",normal
"Reminder The team meeting will begin at ten in the morning, this afternoon — for the final submission #382",normal
"Good morning The team meeting will begin at ten in the morning, during the workshop — for the class activity #131",normal
"Important notice You have won a surprise prize click to claim, today — complete the form #355",spam
"Notice The workshop registration closes at the end of the week, before submission — for the meeting #461",normal
"Quick update Please bring your notebook to the laboratory session, before submission — for the meeting #289",normal
"Action required Urgent you have been chosen for a cash reward, today — confirm your eligibility #444",spam
"Action required The department meeting is scheduled for tomorrow morning, before submission — for the final submission #331",normal
"Important notice Please bring your notebook to the laboratory session, this afternoon — for the project #190",normal
"Quick update Your presentation slides need to be submitted today, before the meeting — for the meeting #32",normal
"Notice You have won a surprise prize click to claim, during this promotion — claim it now #347",spam
"Quick update Your assignment feedback is available on the portal, tomorrow — for the team discussion #256",normal
"Good morning The team meeting will begin at ten in the morning, during the workshop — for the upcoming exam #79",normal
"Notice Please review the updated project document before submission, before the meeting — for the project #438",normal
"Reminder Please bring your notebook to the laboratory session, this afternoon — for the department review #38",normal
"Quick update Claim your exclusive reward before it expires, within 24 hours — finish the registration #13",spam
"Quick update Get free vouchers when you complete this offer, while supplies last — activate the reward #322",spam
"Action required The exam timetable has been released by the department, before the meeting — for the presentation #453",normal
"Action required Claim your lottery winnings immediately, before midnight — confirm your eligibility #65",spam
"Team update Claim your exclusive reward before it expires, before midnight — activate the reward #48",spam
"Please note Get free vouchers when you complete this offer, during this promotion — confirm your eligibility #452",spam
"Quick update Claim your exclusive reward before it expires, this week — verify your entry #422",spam
"Good morning Please bring your notebook to the laboratory session, this week — for the meeting #127",normal
"Notice The team meeting will begin at ten in the morning, this afternoon — for the upcoming exam #416",normal
"Quick update Your assignment feedback is available on the portal, during the next session — for the laboratory #120",normal
"Action required Exclusive offer receive your bonus gift today, today — secure your bonus #134",spam
"Dear student You are selected for a special bonus offer, while the offer lasts — finish the registration #30",spam
"Dear student Your presentation slides need to be submitted today, this afternoon — for the final submission #262",normal
"Important notice Claim your exclusive reward before it expires, while supplies last — finish the registration #389",spam
"Action required Please bring your notebook to the laboratory session, during the workshop — for the team discussion #396",normal
"Please note The exam timetable has been released by the department, after class — for the class activity #143",normal
"Please note Your presentation slides need to be submitted today, after class — for the presentation #83",normal
"Please note Claim your exclusive reward before it expires, before midnight — secure your bonus #495",spam
"Hello Your presentation slides need to be submitted today, during the next session — for the department review #105",normal
"Please note The department meeting is scheduled for tomorrow morning, today — for the department review #495",normal
"Good morning Win a brand new smartphone by entering now, for a limited period — verify your entry #107",spam
"Dear student Win a brand new smartphone by entering now, before the deadline — activate the reward #164",spam
"Dear student Urgent you have been chosen for a cash reward, within 24 hours — redeem the offer #61",spam
"Quick update Claim your lottery winnings immediately, during this promotion — finish the registration #136",spam
"Reminder Win a brand new smartphone by entering now, while the offer lasts — activate the reward #116",spam
"Important notice You have won a surprise prize click to claim, while supplies last — claim it now #171",spam
"Hello Claim your exclusive reward before it expires, within 24 hours — follow the instructions #432",spam
"Dear student Get free vouchers when you complete this offer, during this promotion — finish the registration #490",spam
"Hello You are selected for a special bonus offer, before midnight — redeem the offer #395",spam
"Good morning Win a brand new smartphone by entering now, before the deadline — activate the reward #279",spam
"Action required The workshop registration closes at the end of the week, today — for the final submission #468",normal
"Quick update Claim your exclusive reward before it expires, during this promotion — secure your bonus #410",spam
"Reminder Congratulations you have won a free cash prize today, while supplies last — complete the form #411",spam
"Team update The department meeting is scheduled for tomorrow morning, before the meeting — for the meeting #384",normal
"Reminder The department meeting is scheduled for tomorrow morning, this afternoon — for the project #385",normal
"Team update The exam timetable has been released by the department, during the workshop — for the presentation #264",normal
"Action required Claim your lottery winnings immediately, while supplies last — finish the registration #382",spam
"Hello Exclusive offer receive your bonus gift today, for a limited period — finish the registration #96",spam
"Please note Claim your lottery winnings immediately, today — redeem the offer #275",spam
"Quick update Please review the updated project document before submission, before Friday — for the team discussion #137",normal
"Action required Claim your lottery winnings immediately, right now — complete the form #449",spam
"Notice Can we discuss the project requirements after class, after class — for the upcoming exam #405",normal
"Important notice Claim your exclusive reward before it expires, this week — activate the reward #337",spam
"Hello The exam timetable has been released by the department, before the meeting — for the class activity #400",normal
"Please note Win a brand new smartphone by entering now, for a limited period — collect your prize #142",spam
"Notice Can we discuss the project requirements after class, during the workshop — for the meeting #214",normal
"Good morning Can we discuss the project requirements after class, this afternoon — for the assignment #297",normal
"Please note Congratulations you have won a free cash prize today, for a limited period — claim it now #98",spam
"Reminder Your presentation slides need to be submitted today, this week — for the team discussion #228",normal
"Action required Claim your exclusive reward before it expires, while supplies last — secure your bonus #437",spam
"Please note Please submit the project report before Friday, tomorrow — for the assignment #332",normal
"Action required Congratulations you have won a free cash prize today, this week — collect your prize #369",spam
"Team update Your assignment feedback is available on the portal, before Friday — for the project #274",normal
"Please note Please submit the project report before Friday, before the meeting — for the team discussion #184",normal
"Please note Claim your exclusive reward before it expires, before the deadline — follow the instructions #179",spam
"Team update Urgent you have been chosen for a cash reward, within 24 hours — complete the form #103",spam
"Reminder Congratulations you have won a free cash prize today, this week — secure your bonus #52",spam
"Action required Your account qualifies for a limited time reward, before midnight — finish the registration #476",spam
"Notice Urgent you have been chosen for a cash reward, right now — complete the form #271",spam
"Good morning Exclusive offer receive your bonus gift today, while supplies last — complete the form #304",spam
"Important notice You are selected for a special bonus offer, before midnight — collect your prize #468",spam
"Good morning Claim your lottery winnings immediately, today — follow the instructions #237",spam
"Quick update Please submit the project report before Friday, during the workshop — for the department review #160",normal
"Important notice Urgent you have been chosen for a cash reward, for a limited period — secure your bonus #263",spam
"Reminder Your presentation slides need to be submitted today, tomorrow — for the department review #210",normal
"Notice Urgent you have been chosen for a cash reward, while supplies last — secure your bonus #77",spam
"Team update Can we discuss the project requirements after class, tomorrow — for the project #463",normal
"Dear student Get free vouchers when you complete this offer, within 24 hours — complete the form #93",spam
"Good morning Get free vouchers when you complete this offer, right now — redeem the offer #153",spam
"Action required The team meeting will begin at ten in the morning, before the meeting — for the laboratory #6",normal
"Notice Please bring your notebook to the laboratory session, before Friday — for the laboratory #88",normal
"Team update You have won a surprise prize click to claim, within 24 hours — claim it now #114",spam
"Team update Please submit the project report before Friday, tomorrow — for the laboratory #381",normal
"Notice Get free vouchers when you complete this offer, before midnight — activate the reward #14",spam
"Notice Claim your exclusive reward before it expires, while the offer lasts — claim it now #3",spam
"Important notice Claim your lottery winnings immediately, today — finish the registration #241",spam
"Hello Exclusive offer receive your bonus gift today, while supplies last — secure your bonus #339",spam
"Dear student Your account qualifies for a limited time reward, right now — collect your prize #493",spam
"Team update You are selected for a special bonus offer, right now — secure your bonus #213",spam
"Quick update Please bring your notebook to the laboratory session, during the workshop — for the assignment #9",normal
"Team update Please review the updated project document before submission, before Friday — for the project #62",normal
"Team update Your account qualifies for a limited time reward, today — follow the instructions #41",spam
"Team update You have won a surprise prize click to claim, before the deadline — verify your entry #165",spam
"Reminder Please bring your notebook to the laboratory session, tomorrow — for the assignment #426",normal
"Action required The exam timetable has been released by the department, this afternoon — for the laboratory #480",normal
"Quick update Win a brand new smartphone by entering now, during this promotion — collect your prize #367",spam
"Quick update Claim your exclusive reward before it expires, while the offer lasts — finish the registration #207",spam
"Quick update The workshop registration closes at the end of the week, during the workshop — for the team discussion #36",normal
"Dear student Urgent you have been chosen for a cash reward, before midnight — secure your bonus #270",spam
"Team update The department meeting is scheduled for tomorrow morning, this week — for the assignment #302",normal
"Dear student Your presentation slides need to be submitted today, tomorrow — for the final submission #499",normal
"Good morning Claim your exclusive reward before it expires, before the deadline — activate the reward #204",spam
"Action required Please bring your notebook to the laboratory session, today — for the presentation #427",normal
"Quick update Urgent you have been chosen for a cash reward, for a limited period — claim it now #109",spam
"Notice Get free vouchers when you complete this offer, for a limited period — activate the reward #117",spam
"Notice Your assignment feedback is available on the portal, during the next session — for the upcoming exam #465",normal
"Reminder The team meeting will begin at ten in the morning, after class — for the team discussion #367",normal
"Reminder Can we discuss the project requirements after class, this afternoon — for the team discussion #133",normal
"Notice Your presentation slides need to be submitted today, before submission — for the team discussion #474",normal
"Please note Claim your exclusive reward before it expires, for a limited period — secure your bonus #108",spam
"Notice Can we discuss the project requirements after class, this afternoon — for the team discussion #424",normal
"Important notice Please bring your notebook to the laboratory session, during the workshop — for the project #348",normal
"Reminder Please review the updated project document before submission, before submission — for the final submission #121",normal
"Reminder Can we discuss the project requirements after class, during the next session — for the project #138",normal
"Reminder Claim your lottery winnings immediately, while supplies last — verify your entry #277",spam
"Important notice Please bring your notebook to the laboratory session, before the meeting — for the assignment #271",normal
"Good morning Please bring your notebook to the laboratory session, during the next session — for the department review #473",normal
"Good morning Claim your exclusive reward before it expires, today — redeem the offer #104",spam
"Important notice Your presentation slides need to be submitted today, before the meeting — for the team discussion #234",normal
"Reminder Can we discuss the project requirements after class, tomorrow — for the assignment #375",normal
"Hello Get free vouchers when you complete this offer, while the offer lasts — verify your entry #309",spam
"Good morning Claim your exclusive reward before it expires, this week — collect your prize #10",spam
"Hello The team meeting will begin at ten in the morning, before submission — for the laboratory #146",normal
"Notice Can we discuss the project requirements after class, before Friday — for the project #410",normal
"Reminder Can we discuss the project requirements after class, this week — for the presentation #212",normal
"Hello You have won a surprise prize click to claim, while supplies last — activate the reward #211",spam
"Hello You are selected for a special bonus offer, within 24 hours — confirm your eligibility #157",spam
"Action required The department meeting is scheduled for tomorrow morning, before submission — for the team discussion #219",normal
"Important notice Claim your exclusive reward before it expires, within 24 hours — confirm your eligibility #486",spam
"Good morning The workshop registration closes at the end of the week, tomorrow — for the class activity #486",normal
"Dear student The exam timetable has been released by the department, this afternoon — for the final submission #61",normal
"Notice Please bring your notebook to the laboratory session, this week — for the final submission #247",normal
"Good morning Exclusive offer receive your bonus gift today, before the deadline — finish the registration #390",spam
"Please note Get free vouchers when you complete this offer, this week — collect your prize #455",spam
"Team update Get free vouchers when you complete this offer, while the offer lasts — activate the reward #427",spam
"Good morning Get free vouchers when you complete this offer, within 24 hours — secure your bonus #119",spam
"Good morning Please review the updated project document before submission, after class — for the team discussion #207",normal
"Important notice Please bring your notebook to the laboratory session, during the next session — for the project #235",normal
"Team update Exclusive offer receive your bonus gift today, for a limited period — claim it now #21",spam
"Action required The workshop registration closes at the end of the week, today — for the project #170",normal
"Action required The department meeting is scheduled for tomorrow morning, tomorrow — for the meeting #462",normal
"Dear student The exam timetable has been released by the department, before submission — for the laboratory #178",normal
"Team update Your assignment feedback is available on the portal, during the workshop — for the meeting #237",normal
"Quick update The team meeting will begin at ten in the morning, after class — for the presentation #467",normal
"Notice Win a brand new smartphone by entering now, before midnight — claim it now #50",spam
"Reminder Please submit the project report before Friday, during the next session — for the presentation #479",normal
"Hello Your presentation slides need to be submitted today, this afternoon — for the project #409",normal
"Please note Claim your lottery winnings immediately, for a limited period — finish the registration #262",spam
"Hello The workshop registration closes at the end of the week, this week — for the class activity #457",normal
"Action required Claim your lottery winnings immediately, within 24 hours — verify your entry #385",spam
"Dear student Please review the updated project document before submission, before submission — for the laboratory #407",normal
"Action required The team meeting will begin at ten in the morning, before submission — for the laboratory #167",normal
"Dear student The team meeting will begin at ten in the morning, after class — for the department review #451",normal
"Reminder Your account qualifies for a limited time reward, before midnight — collect your prize #376",spam
"Reminder You have won a surprise prize click to claim, this week — follow the instructions #127",spam
"Action required Urgent you have been chosen for a cash reward, this week — confirm your eligibility #174",spam
"Good morning The department meeting is scheduled for tomorrow morning, during the workshop — for the team discussion #17",normal
"Quick update The department meeting is scheduled for tomorrow morning, today — for the assignment #104",normal
"Important notice Your account qualifies for a limited time reward, before midnight — finish the registration #23",spam
"Action required Please review the updated project document before submission, after class — for the project #290",normal
"Important notice Claim your lottery winnings immediately, before midnight — verify your entry #217",spam
"Important notice Win a brand new smartphone by entering now, before the deadline — complete the form #135",spam
"Reminder Please bring your notebook to the laboratory session, before Friday — for the team discussion #245",normal
"Good morning You have won a surprise prize click to claim, before the deadline — activate the reward #230",spam
"Hello Exclusive offer receive your bonus gift today, before the deadline — activate the reward #234",spam
"Action required You are selected for a special bonus offer, while the offer lasts — verify your entry #20",spam
"Dear student The department meeting is scheduled for tomorrow morning, this afternoon — for the final submission #309",normal
"Good morning Urgent you have been chosen for a cash reward, before midnight — activate the reward #169",spam
"Important notice Can we discuss the project requirements after class, today — for the laboratory #447",normal
"Reminder The team meeting will begin at ten in the morning, tomorrow — for the meeting #404",normal
"Good morning Your assignment feedback is available on the portal, before submission — for the department review #319",normal
"Reminder Can we discuss the project requirements after class, before Friday — for the department review #346",normal
"Quick update Urgent you have been chosen for a cash reward, before the deadline — complete the form #138",spam
"Action required Can we discuss the project requirements after class, before submission — for the final submission #204",normal
"Quick update Can we discuss the project requirements after class, before submission — for the final submission #312",normal
"Team update You have won a surprise prize click to claim, while the offer lasts — secure your bonus #346",spam
"Please note Please review the updated project document before submission, before the meeting — for the project #37",normal
"Please note Please submit the project report before Friday, before the meeting — for the class activity #111",normal
"Quick update Please review the updated project document before submission, tomorrow — for the upcoming exam #33",normal
"Please note The department meeting is scheduled for tomorrow morning, before the meeting — for the class activity #246",normal
"Notice You are selected for a special bonus offer, before the deadline — claim it now #467",spam
"Notice Congratulations you have won a free cash prize today, during this promotion — collect your prize #298",spam
"Hello Your presentation slides need to be submitted today, after class — for the laboratory #352",normal
"Action required Get free vouchers when you complete this offer, during this promotion — redeem the offer #47",spam
"Please note Urgent you have been chosen for a cash reward, before the deadline — verify your entry #67",spam
"Quick update Get free vouchers when you complete this offer, while the offer lasts — collect your prize #172",spam
"Team update You have won a surprise prize click to claim, before midnight — collect your prize #314",spam
"Hello The department meeting is scheduled for tomorrow morning, this week — for the upcoming exam #103",normal
"Please note Your presentation slides need to be submitted today, before the meeting — for the project #16",normal
"Notice Please submit the project report before Friday, tomorrow — for the team discussion #306",normal
"Team update Your account qualifies for a limited time reward, before midnight — claim it now #106",spam
"Quick update Can we discuss the project requirements after class, before submission — for the class activity #314",normal
"Dear student Congratulations you have won a free cash prize today, while the offer lasts — secure your bonus #320",spam
"Action required Urgent you have been chosen for a cash reward, for a limited period — complete the form #353",spam
"Please note Please bring your notebook to the laboratory session, before the meeting — for the final submission #211",normal
"Important notice Get free vouchers when you complete this offer, right now — collect your prize #232",spam
"Team update Win a brand new smartphone by entering now, while supplies last — confirm your eligibility #255",spam
"Important notice The exam timetable has been released by the department, tomorrow — for the upcoming exam #252",normal
"Action required The team meeting will begin at ten in the morning, during the workshop — for the upcoming exam #142",normal
"Hello The workshop registration closes at the end of the week, after class — for the upcoming exam #318",normal
"Action required The team meeting will begin at ten in the morning, during the workshop — for the class activity #193",normal
"Dear student You have won a surprise prize click to claim, during this promotion — follow the instructions #19",spam
"Please note You have won a surprise prize click to claim, this week — follow the instructions #196",spam
"Team update The department meeting is scheduled for tomorrow morning, today — for the team discussion #44",normal
"Quick update Please review the updated project document before submission, tomorrow — for the upcoming exam #276",normal
"Notice Urgent you have been chosen for a cash reward, during this promotion — verify your entry #330",spam
"Team update Congratulations you have won a free cash prize today, within 24 hours — activate the reward #15",spam
"Notice Claim your lottery winnings immediately, while supplies last — collect your prize #383",spam
"Action required Please bring your notebook to the laboratory session, before submission — for the meeting #249",normal
"Hello You have won a surprise prize click to claim, right now — complete the form #205",spam
"Hello Your presentation slides need to be submitted today, tomorrow — for the class activity #47",normal
"Hello Exclusive offer receive your bonus gift today, while supplies last — collect your prize #39",spam
"Please note The department meeting is scheduled for tomorrow morning, this week — for the laboratory #329",normal
"Dear student Exclusive offer receive your bonus gift today, today — redeem the offer #393",spam
"Action required Claim your exclusive reward before it expires, before the deadline — secure your bonus #489",spam
"Reminder The team meeting will begin at ten in the morning, this week — for the upcoming exam #310",normal
"Please note Please bring your notebook to the laboratory session, this afternoon — for the assignment #435",normal
"Reminder You have won a surprise prize click to claim, before midnight — finish the registration #440",spam
"Team update Your assignment feedback is available on the portal, after class — for the laboratory #149",normal
"Please note Get free vouchers when you complete this offer, today — collect your prize #445",spam
"Action required Your assignment feedback is available on the portal, today — for the class activity #130",normal
"Good morning Claim your exclusive reward before it expires, before midnight — complete the form #133",spam
"Please note Claim your lottery winnings immediately, today — activate the reward #91",spam
"Notice Your assignment feedback is available on the portal, before Friday — for the class activity #299",normal
"Hello Your presentation slides need to be submitted today, tomorrow — for the final submission #386",normal
"Important notice Your assignment feedback is available on the portal, during the workshop — for the final submission #305",normal
"Notice The team meeting will begin at ten in the morning, today — for the team discussion #2",normal
"Hello Win a brand new smartphone by entering now, while supplies last — complete the form #163",spam
"Important notice The department meeting is scheduled for tomorrow morning, this week — for the class activity #283",normal
"Quick update Your presentation slides need to be submitted today, before Friday — for the laboratory #91",normal
"Quick update Claim your exclusive reward before it expires, for a limited period — claim it now #173",spam
"Good morning Please submit the project report before Friday, before Friday — for the meeting #293",normal
"Dear student Can we discuss the project requirements after class, after class — for the laboratory #280",normal
"Notice Claim your lottery winnings immediately, before the deadline — verify your entry #215",spam
"Please note You have won a surprise prize click to claim, within 24 hours — claim it now #281",spam
"Action required You are selected for a special bonus offer, for a limited period — redeem the offer #463",spam
"Notice Exclusive offer receive your bonus gift today, today — secure your bonus #5",spam
"Quick update Win a brand new smartphone by entering now, before the deadline — complete the form #60",spam
"Important notice Please review the updated project document before submission, during the next session — for the class activity #472",normal
"Important notice Claim your exclusive reward before it expires, before the deadline — redeem the offer #321",spam
"Action required You are selected for a special bonus offer, before midnight — collect your prize #182",spam
"Hello Your assignment feedback is available on the portal, during the next session — for the class activity #147",normal
"Good morning Get free vouchers when you complete this offer, today — verify your entry #341",spam
"Hello Congratulations you have won a free cash prize today, this week — claim it now #500",spam
"Please note Exclusive offer receive your bonus gift today, right now — collect your prize #83",spam
"Team update Please submit the project report before Friday, before the meeting — for the assignment #298",normal
"Important notice Win a brand new smartphone by entering now, before midnight — confirm your eligibility #185",spam
"Quick update Can we discuss the project requirements after class, before the meeting — for the upcoming exam #233",normal
"Quick update Congratulations you have won a free cash prize today, within 24 hours — redeem the offer #324",spam
"Good morning Win a brand new smartphone by entering now, while the offer lasts — finish the registration #147",spam
"Good morning Get free vouchers when you complete this offer, while supplies last — claim it now #469",spam
"Notice Please review the updated project document before submission, today — for the presentation #84",normal
"Notice Win a brand new smartphone by entering now, right now — verify your entry #420",spam
"Important notice Urgent you have been chosen for a cash reward, right now — claim it now #351",spam
"Please note You have won a surprise prize click to claim, this week — follow the instructions #206",spam
"Action required Your account qualifies for a limited time reward, this week — verify your entry #141",spam
"Notice Urgent you have been chosen for a cash reward, while supplies last — claim it now #155",spam
"Important notice Win a brand new smartphone by entering now, this week — confirm your eligibility #56",spam
"Dear student Exclusive offer receive your bonus gift today, while the offer lasts — activate the reward #424",spam
"Please note Your assignment feedback is available on the portal, this afternoon — for the team discussion #448",normal
"Team update Your assignment feedback is available on the portal, today — for the final submission #43",normal
"Hello Exclusive offer receive your bonus gift today, before the deadline — finish the registration #391",spam
"Good morning The workshop registration closes at the end of the week, this afternoon — for the team discussion #432",normal
"Team update Your account qualifies for a limited time reward, while the offer lasts — finish the registration #123",spam
"Good morning Please review the updated project document before submission, before Friday — for the meeting #13",normal
"Dear student Your account qualifies for a limited time reward, before the deadline — activate the reward #200",spam
"Quick update Get free vouchers when you complete this offer, while supplies last — collect your prize #484",spam
"Important notice Exclusive offer receive your bonus gift today, right now — activate the reward #73",spam
"Hello Please review the updated project document before submission, this afternoon — for the laboratory #136",normal
"Notice Can we discuss the project requirements after class, during the workshop — for the meeting #95",normal
"Notice The workshop registration closes at the end of the week, after class — for the laboratory #419",normal
"Notice The team meeting will begin at ten in the morning, before Friday — for the team discussion #150",normal
"Team update Claim your lottery winnings immediately, before the deadline — confirm your eligibility #55",spam
"Team update Exclusive offer receive your bonus gift today, this week — follow the instructions #482",spam
"Notice You are selected for a special bonus offer, while supplies last — verify your entry #121",spam
"Quick update Urgent you have been chosen for a cash reward, this week — verify your entry #475",spam
"Important notice Claim your exclusive reward before it expires, before midnight — secure your bonus #302",spam
"Notice Your presentation slides need to be submitted today, today — for the class activity #100",normal
"Important notice Claim your exclusive reward before it expires, before the deadline — complete the form #267",spam
"Dear student You have won a surprise prize click to claim, this week — complete the form #381",spam
"Reminder Exclusive offer receive your bonus gift today, this week — confirm your eligibility #340",spam
"Action required Please review the updated project document before submission, before Friday — for the assignment #308",normal
"Action required Claim your lottery winnings immediately, while supplies last — claim it now #431",spam
"Notice You are selected for a special bonus offer, today — verify your entry #315",spam
"Team update Please submit the project report before Friday, during the next session — for the project #263",normal
"Action required Exclusive offer receive your bonus gift today, within 24 hours — complete the form #229",spam
"Please note You are selected for a special bonus offer, within 24 hours — collect your prize #364",spam
"Action required The workshop registration closes at the end of the week, today — for the upcoming exam #411",normal
"Please note Urgent you have been chosen for a cash reward, today — claim it now #92",spam
"Important notice Your assignment feedback is available on the portal, before the meeting — for the department review #171",normal
"Team update Claim your lottery winnings immediately, this week — collect your prize #344",spam
"Please note Please submit the project report before Friday, this week — for the department review #197",normal
"Team update Your account qualifies for a limited time reward, while the offer lasts — follow the instructions #188",spam
"Good morning The exam timetable has been released by the department, this week — for the team discussion #282",normal
"Please note Please bring your notebook to the laboratory session, before the meeting — for the class activity #73",normal
"Reminder The workshop registration closes at the end of the week, this week — for the final submission #328",normal
"Team update Can we discuss the project requirements after class, during the next session — for the assignment #243",normal
"Notice Congratulations you have won a free cash prize today, this week — follow the instructions #265",spam
"Action required Please submit the project report before Friday, tomorrow — for the laboratory #259",normal
"Team update Urgent you have been chosen for a cash reward, right now — claim it now #132",spam
"Team update You are selected for a special bonus offer, before the deadline — claim it now #483",spam
"Quick update Get free vouchers when you complete this offer, while the offer lasts — finish the registration #100",spam
"Hello Congratulations you have won a free cash prize today, within 24 hours — redeem the offer #301",spam
"Quick update Claim your lottery winnings immediately, before midnight — redeem the offer #186",spam
"Notice The exam timetable has been released by the department, before submission — for the assignment #72",normal
"Please note Your presentation slides need to be submitted today, today — for the assignment #174",normal
"Important notice The exam timetable has been released by the department, today — for the laboratory #361",normal
"Action required Get free vouchers when you complete this offer, right now — confirm your eligibility #175",spam
"Please note Can we discuss the project requirements after class, during the next session — for the upcoming exam #366",normal
"Important notice Get free vouchers when you complete this offer, for a limited period — secure your bonus #308",spam
"Action required Please review the updated project document before submission, during the next session — for the class activity #20",normal
"Good morning Claim your exclusive reward before it expires, today — confirm your eligibility #368",spam
"Important notice The department meeting is scheduled for tomorrow morning, during the next session — for the meeting #188",normal
"Important notice You have won a surprise prize click to claim, right now — collect your prize #488",spam
"Dear student The exam timetable has been released by the department, this week — for the meeting #304",normal
"Quick update Your assignment feedback is available on the portal, today — for the class activity #154",normal
"Quick update Can we discuss the project requirements after class, after class — for the team discussion #48",normal
"Important notice Your presentation slides need to be submitted today, after class — for the presentation #203",normal
"Hello You have won a surprise prize click to claim, right now — redeem the offer #228",spam
"Important notice The team meeting will begin at ten in the morning, this afternoon — for the meeting #231",normal
"Important notice Please review the updated project document before submission, during the workshop — for the meeting #244",normal
"Quick update Claim your exclusive reward before it expires, before midnight — confirm your eligibility #352",spam
"Please note Claim your lottery winnings immediately, while supplies last — secure your bonus #195",spam
"Important notice The exam timetable has been released by the department, today — for the upcoming exam #336",normal
"Please note Your presentation slides need to be submitted today, tomorrow — for the department review #86",normal
"Team update The exam timetable has been released by the department, during the workshop — for the class activity #226",normal
"Quick update The department meeting is scheduled for tomorrow morning, before the meeting — for the project #98",normal
"Quick update Your account qualifies for a limited time reward, while supplies last — follow the instructions #37",spam
"Dear student The team meeting will begin at ten in the morning, before the meeting — for the class activity #255",normal
"Good morning Urgent you have been chosen for a cash reward, for a limited period — finish the registration #398",spam
"Notice Claim your lottery winnings immediately, within 24 hours — redeem the offer #415",spam
"Reminder Claim your exclusive reward before it expires, right now — complete the form #429",spam
"Team update Your account qualifies for a limited time reward, this week — confirm your eligibility #266",spam
"Good morning You are selected for a special bonus offer, before the deadline — collect your prize #303",spam
"Team update Please bring your notebook to the laboratory session, before the meeting — for the assignment #10",normal
"Dear student Please bring your notebook to the laboratory session, before the meeting — for the project #452",normal
"Good morning You have won a surprise prize click to claim, while supplies last — confirm your eligibility #27",spam
"Action required The team meeting will begin at ten in the morning, before Friday — for the department review #239",normal
"Good morning Win a brand new smartphone by entering now, right now — follow the instructions #144",spam
"Quick update The department meeting is scheduled for tomorrow morning, before Friday — for the final submission #198",normal
"Important notice You are selected for a special bonus offer, right now — verify your entry #328",spam
"Dear student Please review the updated project document before submission, this week — for the assignment #177",normal
"Good morning Congratulations you have won a free cash prize today, for a limited period — follow the instructions #414",spam
"Notice The team meeting will begin at ten in the morning, today — for the laboratory #115",normal
"Team update Please submit the project report before Friday, this afternoon — for the department review #330",normal
"Please note Please submit the project report before Friday, before Friday — for the project #322",normal
"Good morning Please submit the project report before Friday, before the meeting — for the class activity #378",normal
"Team update Please submit the project report before Friday, during the next session — for the final submission #500",normal
"Important notice Get free vouchers when you complete this offer, before midnight — follow the instructions #59",spam
"Good morning Please review the updated project document before submission, before submission — for the project #422",normal
"Action required Win a brand new smartphone by entering now, during this promotion — complete the form #247",spam
"Reminder The exam timetable has been released by the department, before the meeting — for the team discussion #284",normal
"Good morning The workshop registration closes at the end of the week, during the workshop — for the project #30",normal
"Notice You are selected for a special bonus offer, during this promotion — claim it now #154",spam
"Team update Claim your exclusive reward before it expires, for a limited period — activate the reward #193",spam
"Important notice The team meeting will begin at ten in the morning, this week — for the laboratory #464",normal
"Please note Can we discuss the project requirements after class, this afternoon — for the project #168",normal
"Notice Your assignment feedback is available on the portal, tomorrow — for the assignment #414",normal
"Quick update Please review the updated project document before submission, tomorrow — for the upcoming exam #229",normal
"Notice Please bring your notebook to the laboratory session, this afternoon — for the class activity #172",normal
"Hello Your account qualifies for a limited time reward, today — collect your prize #268",spam
"Quick update The team meeting will begin at ten in the morning, before the meeting — for the final submission #458",normal
"Please note Please review the updated project document before submission, this afternoon — for the project #383",normal
"Action required Urgent you have been chosen for a cash reward, before midnight — confirm your eligibility #333",spam
"Dear student The team meeting will begin at ten in the morning, before Friday — for the assignment #156",normal
"Notice Win a brand new smartphone by entering now, for a limited period — follow the instructions #284",spam
"Reminder Exclusive offer receive your bonus gift today, this week — verify your entry #345",spam
"Dear student Congratulations you have won a free cash prize today, while the offer lasts — claim it now #66",spam
"Reminder Win a brand new smartphone by entering now, during this promotion — verify your entry #494",spam
"Hello Your account qualifies for a limited time reward, this week — finish the registration #111",spam
"Dear student Your presentation slides need to be submitted today, this afternoon — for the meeting #201",normal
"Please note Urgent you have been chosen for a cash reward, today — collect your prize #306",spam
"Quick update Get free vouchers when you complete this offer, during this promotion — verify your entry #290",spam
"Hello The exam timetable has been released by the department, during the workshop — for the final submission #124",normal
"Dear student The department meeting is scheduled for tomorrow morning, during the workshop — for the department review #109",normal
"Dear student The team meeting will begin at ten in the morning, this afternoon — for the assignment #163",normal
"Please note Your presentation slides need to be submitted today, before Friday — for the assignment #75",normal
"Dear student Get free vouchers when you complete this offer, before the deadline — activate the reward #384",spam
"Action required The team meeting will begin at ten in the morning, today — for the meeting #360",normal
"Good morning Your assignment feedback is available on the portal, this afternoon — for the final submission #364",normal
"Good morning Please review the updated project document before submission, during the workshop — for the upcoming exam #179",normal
"Team update The workshop registration closes at the end of the week, after class — for the class activity #24",normal
"Good morning You are selected for a special bonus offer, for a limited period — verify your entry #8",spam
"Team update Win a brand new smartphone by entering now, before the deadline — collect your prize #105",spam
"Dear student Your presentation slides need to be submitted today, during the workshop — for the department review #99",normal
"Please note Get free vouchers when you complete this offer, right now — follow the instructions #407",spam
"Team update Can we discuss the project requirements after class, this afternoon — for the team discussion #139",normal
"Hello Your assignment feedback is available on the portal, during the workshop — for the department review #345",normal
"Reminder Please review the updated project document before submission, tomorrow — for the department review #34",normal
"Good morning The workshop registration closes at the end of the week, this afternoon — for the project #194",normal
"Important notice Win a brand new smartphone by entering now, before the deadline — activate the reward #310",spam
"Important notice You are selected for a special bonus offer, before the deadline — complete the form #478",spam
"Action required Claim your lottery winnings immediately, this week — finish the registration #224",spam
"Reminder You have won a surprise prize click to claim, this week — redeem the offer #259",spam
"Action required Get free vouchers when you complete this offer, this week — finish the registration #471",spam
"Action required You have won a surprise prize click to claim, while the offer lasts — verify your entry #358",spam
"Please note Your presentation slides need to be submitted today, this afternoon — for the assignment #373",normal
"Hello You have won a surprise prize click to claim, for a limited period — secure your bonus #386",spam
"Reminder The exam timetable has been released by the department, tomorrow — for the meeting #417",normal
"Important notice Urgent you have been chosen for a cash reward, within 24 hours — follow the instructions #434",spam
"Please note Urgent you have been chosen for a cash reward, today — finish the registration #282",spam
"Action required Please review the updated project document before submission, before the meeting — for the project #159",normal
"Notice The workshop registration closes at the end of the week, before submission — for the laboratory #227",normal
"Important notice The team meeting will begin at ten in the morning, today — for the laboratory #491",normal
"Action required Please submit the project report before Friday, this afternoon — for the presentation #230",normal
"Important notice Win a brand new smartphone by entering now, during this promotion — follow the instructions #313",spam
"Important notice The department meeting is scheduled for tomorrow morning, this week — for the class activity #466",normal
"Quick update The department meeting is scheduled for tomorrow morning, during the workshop — for the final submission #325",normal
